{
  "user_score": 7,
  "computer_score": 2,
  "ties": 4,
  "total_games": 13,
  "max_streak": 4,
  "achievements": [
    "lucky_seven",
    "first_win",
    "speed_demon"
  ],
  "player_name": "Player",
  "player_avatar": "default",
  "settings": {
    "animations": true,
    "sound_effects": true,
    "auto_continue": false,
    "theme": "default",
    "particles": true,
    "confetti": true
  },
  "stats": {},
  "choice_stats": {
    "rock": 5,
    "paper": 5,
    "scissors": 3
  },
  "win_by_choice": {
    "rock": 4,
    "paper": 3,
    "scissors": 0
  },
  "response_times": [
    0.4911081790924072,
    0.6010146141052246,
    10.714942932128906,
    0.38292479515075684,
    0.46936774253845215,
    0.2712256908416748,
    0.27588653564453125,
    0.6801004409790039,
    0.36029529571533203,
    3.2975287437438965
  ]
}